Model,MSE,MAE,Fit Time
keras,3157021.108,1221.644157,417.22672
elephas (4 workers),31118284,5048.447754,99.67119813