Model,MSE,MAE,Fit Time
Keras,5511097.557,1865.264129,373.953386
Elephas,32440644,5134.34082,60.37026978
Linear (mllib),7.344065545,1.76587924,5.855332613
Linear (sklearn),42.08641575,3.636246342,0.359873
GBoost (mllib),2059610.926,977.7815801,46.61554408
GBoost (sklearn),489927.0529,525.7702118,8.651288
RF (mllib),4461761.865,1793.62995,22.74901056
RF (sklearn),837520.8282,814.5116285,651.001467